image,true_label,model,top1_class,top1_confidence,top2_class,top2_confidence,inference_time_ms,correct
01318399.jpg,blue-mussel,MobileNetV3-Large,blue-mussel,98.88,california-mussel,1.09,112.14,True
01318399.jpg,blue-mussel,MobileNetV3-Small,blue-mussel,88.42,california-mussel,11.58,25.19,True
900x600-blue-mussel-noaa-shutterstock.jpg,blue-mussel,MobileNetV3-Large,blue-mussel,45.70,butter-clam,26.43,32.97,True
900x600-blue-mussel-noaa-shutterstock.jpg,blue-mussel,MobileNetV3-Small,butter-clam,70.44,varnish-clam,18.81,15.31,False
Blue-Mussels-min.jpeg,blue-mussel,MobileNetV3-Large,blue-mussel,91.62,california-mussel,3.86,31.93,True
Blue-Mussels-min.jpeg,blue-mussel,MobileNetV3-Small,california-mussel,94.36,blue-mussel,5.63,20.59,False
bluemusselsh.jpg,blue-mussel,MobileNetV3-Large,blue-mussel,99.88,california-mussel,0.07,32.83,True
bluemusselsh.jpg,blue-mussel,MobileNetV3-Small,blue-mussel,99.68,varnish-clam,0.27,21.58,True
Broadstairs_-_Mytilus_edulis_2.jpg,blue-mussel,MobileNetV3-Large,blue-mussel,100.00,softshell-clam,0.00,31.15,True
Broadstairs_-_Mytilus_edulis_2.jpg,blue-mussel,MobileNetV3-Small,blue-mussel,100.00,manila-clam,0.00,18.36,True
images.jpg,blue-mussel,MobileNetV3-Large,blue-mussel,95.22,california-mussel,4.41,30.77,True
images.jpg,blue-mussel,MobileNetV3-Small,california-mussel,96.19,blue-mussel,3.81,14.93,False
M010195.jpg,blue-mussel,MobileNetV3-Large,blue-mussel,71.62,northern-abalone,16.67,29.77,True
M010195.jpg,blue-mussel,MobileNetV3-Small,blue-mussel,96.01,varnish-clam,3.42,15.94,True
mytilus-edulis_1662.jpg,blue-mussel,MobileNetV3-Large,blue-mussel,99.56,pacific-gaper,0.23,28.44,True
mytilus-edulis_1662.jpg,blue-mussel,MobileNetV3-Small,blue-mussel,97.98,california-mussel,2.02,15.70,True
mytilusedulis_9441239321572137.jpg,blue-mussel,MobileNetV3-Large,california-mussel,96.46,manila-clam,1.88,34.61,False
mytilusedulis_9441239321572137.jpg,blue-mussel,MobileNetV3-Small,blue-mussel,50.23,california-mussel,47.91,22.24,True
a-pair-of-butter-clams-saxidomus-gigantea-at-low-tide-on-a-beach-in-the-great-bear-rain-forest-of-british-columbia-canada-2S267J5.jpg,butter-clam,MobileNetV3-Large,butter-clam,99.93,littleneck-clam,0.06,38.31,True
a-pair-of-butter-clams-saxidomus-gigantea-at-low-tide-on-a-beach-in-the-great-bear-rain-forest-of-british-columbia-canada-2S267J5.jpg,butter-clam,MobileNetV3-Small,varnish-clam,97.18,butter-clam,1.89,17.16,False
AT541084-4927+1511370870.jpg,butter-clam,MobileNetV3-Large,pacific-gaper,73.23,butter-clam,20.53,28.80,False
AT541084-4927+1511370870.jpg,butter-clam,MobileNetV3-Small,butter-clam,95.61,softshell-clam,2.84,16.13,True
butter_1cropped.jpg,butter-clam,MobileNetV3-Large,pacific-gaper,53.47,butter-clam,46.42,28.78,False
butter_1cropped.jpg,butter-clam,MobileNetV3-Small,butter-clam,94.96,littleneck-clam,4.44,15.47,True
Butter_Clam_Real_Life.jpg,butter-clam,MobileNetV3-Large,butter-clam,57.33,pacific-gaper,33.49,32.43,True
Butter_Clam_Real_Life.jpg,butter-clam,MobileNetV3-Small,butter-clam,86.28,pacific-gaper,11.23,18.13,True
original.jpg,butter-clam,MobileNetV3-Large,butter-clam,73.62,geoduck,15.03,37.92,True
original.jpg,butter-clam,MobileNetV3-Small,varnish-clam,88.54,butter-clam,9.55,18.99,False
original1.jpg,butter-clam,MobileNetV3-Large,pacific-gaper,89.45,butter-clam,9.99,30.65,False
original1.jpg,butter-clam,MobileNetV3-Small,pacific-gaper,83.68,butter-clam,12.17,17.92,False
original2.jpg,butter-clam,MobileNetV3-Large,softshell-clam,97.23,pacific-gaper,2.73,32.60,False
original2.jpg,butter-clam,MobileNetV3-Small,softshell-clam,96.90,butter-clam,1.59,20.03,False
saxidomus-cc5b21aa-90fd-4f39-a562-0b674183053-resize-750.jpeg,butter-clam,MobileNetV3-Large,pacific-gaper,83.84,butter-clam,8.49,36.97,False
saxidomus-cc5b21aa-90fd-4f39-a562-0b674183053-resize-750.jpeg,butter-clam,MobileNetV3-Small,butter-clam,43.73,manila-clam,22.75,15.83,True
Saxidomus_giganteaSiphonsDLC2007-02s.jpg,butter-clam,MobileNetV3-Large,butter-clam,92.96,pacific-gaper,3.85,25.66,True
Saxidomus_giganteaSiphonsDLC2007-02s.jpg,butter-clam,MobileNetV3-Small,butter-clam,99.20,manila-clam,0.32,16.29,True
tumblr_nso9uxvjIJ1urq0gno1_1280.jpg,butter-clam,MobileNetV3-Large,softshell-clam,90.68,butter-clam,8.83,28.75,False
tumblr_nso9uxvjIJ1urq0gno1_1280.jpg,butter-clam,MobileNetV3-Small,softshell-clam,95.15,pacific-gaper,3.45,14.73,False
California_Mussels_002.jpg,california-mussel,MobileNetV3-Large,california-mussel,77.03,blue-mussel,16.01,35.82,True
California_Mussels_002.jpg,california-mussel,MobileNetV3-Small,blue-mussel,60.87,california-mussel,37.14,20.62,False
images-report_card-California_Mussel_1270_600_q85.jpg,california-mussel,MobileNetV3-Large,california-mussel,99.02,blue-mussel,0.96,32.25,True
images-report_card-California_Mussel_1270_600_q85.jpg,california-mussel,MobileNetV3-Small,california-mussel,75.18,blue-mussel,24.82,17.13,True
images.jpg,california-mussel,MobileNetV3-Large,geoduck,36.49,blue-mussel,26.96,32.47,False
images.jpg,california-mussel,MobileNetV3-Small,blue-mussel,36.36,california-mussel,25.43,15.66,False
mussels-tr16-1498.jpg,california-mussel,MobileNetV3-Large,olympia-oyster,48.67,california-mussel,33.78,29.11,False
mussels-tr16-1498.jpg,california-mussel,MobileNetV3-Small,california-mussel,78.36,blue-mussel,20.77,16.18,True
musshand.jpg,california-mussel,MobileNetV3-Large,california-mussel,87.10,blue-mussel,9.90,26.63,True
musshand.jpg,california-mussel,MobileNetV3-Small,softshell-clam,36.78,california-mussel,25.27,16.38,False
Mytilus+californianus+(California+mussel)_.jpg,california-mussel,MobileNetV3-Large,california-mussel,100.00,blue-mussel,0.00,37.08,True
Mytilus+californianus+(California+mussel)_.jpg,california-mussel,MobileNetV3-Small,california-mussel,99.13,blue-mussel,0.87,23.92,True
Mytilus.jpg,california-mussel,MobileNetV3-Large,california-mussel,99.80,pacific-oyster,0.13,30.25,True
Mytilus.jpg,california-mussel,MobileNetV3-Small,blue-mussel,97.01,california-mussel,2.98,17.96,False
Mytilus_californianusBig1DLC.jpg,california-mussel,MobileNetV3-Large,blue-mussel,40.54,northern-abalone,25.31,30.08,False
Mytilus_californianusBig1DLC.jpg,california-mussel,MobileNetV3-Small,blue-mussel,88.71,varnish-clam,8.53,18.70,False
Redwood National Park 132-XL.jpg,california-mussel,MobileNetV3-Large,california-mussel,100.00,blue-mussel,0.00,26.87,True
Redwood National Park 132-XL.jpg,california-mussel,MobileNetV3-Small,california-mussel,98.79,blue-mussel,1.20,19.28,True
target_mytilus01.jpg,california-mussel,MobileNetV3-Large,blue-mussel,93.63,california-mussel,4.46,31.23,False
target_mytilus01.jpg,california-mussel,MobileNetV3-Small,california-mussel,96.22,blue-mussel,3.50,16.36,True
3115-desiree-lawson-and-geoduck---mai.jpg,geoduck,MobileNetV3-Large,geoduck,75.14,pacific-gaper,21.67,31.58,True
3115-desiree-lawson-and-geoduck---mai.jpg,geoduck,MobileNetV3-Small,geoduck,54.81,pacific-gaper,37.55,15.97,True
3591lpr-cropped.jpg,geoduck,MobileNetV3-Large,geoduck,99.96,pacific-gaper,0.03,27.95,True
3591lpr-cropped.jpg,geoduck,MobileNetV3-Small,geoduck,58.39,razor-clam,41.18,15.20,True
Adult-geoduck_0.jpg,geoduck,MobileNetV3-Large,geoduck,100.00,pacific-gaper,0.00,26.68,True
Adult-geoduck_0.jpg,geoduck,MobileNetV3-Small,pacific-gaper,95.62,geoduck,3.32,16.21,False
DSC05053.jpg,geoduck,MobileNetV3-Large,pacific-gaper,37.91,softshell-clam,20.55,30.03,False
DSC05053.jpg,geoduck,MobileNetV3-Small,manila-clam,42.93,littleneck-clam,17.96,21.56,False
geoduck.jpg,geoduck,MobileNetV3-Large,pacific-gaper,89.34,varnish-clam,6.97,31.61,False
geoduck.jpg,geoduck,MobileNetV3-Small,blue-mussel,52.36,softshell-clam,23.46,17.90,False
geoduck1.jpg,geoduck,MobileNetV3-Large,geoduck,100.00,pacific-gaper,0.00,28.99,True
geoduck1.jpg,geoduck,MobileNetV3-Small,geoduck,90.73,razor-clam,9.04,18.73,True
geoduck12.jpg,geoduck,MobileNetV3-Large,geoduck,99.99,softshell-clam,0.01,26.70,True
geoduck12.jpg,geoduck,MobileNetV3-Small,geoduck,98.43,razor-clam,0.86,16.41,True
intro1.jpg,geoduck,MobileNetV3-Large,geoduck,90.48,pacific-gaper,7.00,27.15,True
intro1.jpg,geoduck,MobileNetV3-Small,geoduck,45.11,pacific-gaper,34.45,17.33,True
moby1.jpg,geoduck,MobileNetV3-Large,geoduck,99.20,pacific-gaper,0.79,30.90,True
moby1.jpg,geoduck,MobileNetV3-Small,pacific-gaper,59.67,geoduck,40.30,16.89,False
__opt__aboutcom__coeus__resources__content_migration__serious_eats__seriouseats.com__images__2015__05__05062105-tomky-geoduck-adult-8c06875991884bed8a8763c6d36f3458.jpg,geoduck,MobileNetV3-Large,geoduck,100.00,pacific-gaper,0.00,28.62,True
__opt__aboutcom__coeus__resources__content_migration__serious_eats__seriouseats.com__images__2015__05__05062105-tomky-geoduck-adult-8c06875991884bed8a8763c6d36f3458.jpg,geoduck,MobileNetV3-Small,geoduck,99.85,butter-clam,0.06,15.48,True
DSCF0152b.jpg,littleneck-clam,MobileNetV3-Large,manila-clam,99.52,littleneck-clam,0.41,33.68,False
DSCF0152b.jpg,littleneck-clam,MobileNetV3-Small,littleneck-clam,89.99,spiny-scallop,4.76,15.58,True
images.jpg,littleneck-clam,MobileNetV3-Large,littleneck-clam,99.97,manila-clam,0.03,29.05,True
images.jpg,littleneck-clam,MobileNetV3-Small,littleneck-clam,99.96,nuttalls-cockle,0.04,15.21,True
littleneck2_small.jpg,littleneck-clam,MobileNetV3-Large,littleneck-clam,100.00,manila-clam,0.00,27.58,True
littleneck2_small.jpg,littleneck-clam,MobileNetV3-Small,littleneck-clam,98.82,manila-clam,1.00,15.53,True
littleneck_small.jpg,littleneck-clam,MobileNetV3-Large,littleneck-clam,99.99,manila-clam,0.01,25.71,True
littleneck_small.jpg,littleneck-clam,MobileNetV3-Small,littleneck-clam,100.00,butter-clam,0.00,14.02,True
pacificlittleneckclam.jpg,littleneck-clam,MobileNetV3-Large,littleneck-clam,99.63,manila-clam,0.36,25.55,True
pacificlittleneckclam.jpg,littleneck-clam,MobileNetV3-Small,littleneck-clam,93.14,manila-clam,6.82,14.46,True
pacific_littleneck.jpg,littleneck-clam,MobileNetV3-Large,littleneck-clam,99.98,manila-clam,0.02,25.74,True
pacific_littleneck.jpg,littleneck-clam,MobileNetV3-Small,littleneck-clam,100.00,manila-clam,0.00,15.03,True
Protothaca.jpg,littleneck-clam,MobileNetV3-Large,manila-clam,61.71,littleneck-clam,38.18,27.64,False
Protothaca.jpg,littleneck-clam,MobileNetV3-Small,littleneck-clam,98.24,nuttalls-cockle,1.66,14.72,True
Protothaca_stamineaDLC2007-06s.jpg,littleneck-clam,MobileNetV3-Large,littleneck-clam,94.12,manila-clam,5.88,25.70,True
Protothaca_stamineaDLC2007-06s.jpg,littleneck-clam,MobileNetV3-Small,littleneck-clam,99.97,butter-clam,0.03,15.48,True
Protothaca_stamineaSiphonsDLC2007-04s.jpg,littleneck-clam,MobileNetV3-Large,littleneck-clam,98.88,manila-clam,1.12,27.59,True
Protothaca_stamineaSiphonsDLC2007-04s.jpg,littleneck-clam,MobileNetV3-Small,manila-clam,72.36,nuttalls-cockle,18.26,14.97,False
Protothaca_stamineaSiphonsDLC2007-08s.jpg,littleneck-clam,MobileNetV3-Large,littleneck-clam,100.00,manila-clam,0.00,29.06,True
Protothaca_stamineaSiphonsDLC2007-08s.jpg,littleneck-clam,MobileNetV3-Small,littleneck-clam,99.96,manila-clam,0.04,15.42,True
2560px-2163kabya-28cappo29-textures-02.jpg,manila-clam,MobileNetV3-Large,manila-clam,97.30,littleneck-clam,2.52,27.36,True
2560px-2163kabya-28cappo29-textures-02.jpg,manila-clam,MobileNetV3-Small,butter-clam,33.29,nuttalls-cockle,30.96,15.97,False
2560px-praires.jpg,manila-clam,MobileNetV3-Large,manila-clam,98.13,littleneck-clam,1.82,25.51,True
2560px-praires.jpg,manila-clam,MobileNetV3-Small,manila-clam,96.86,blue-mussel,1.54,14.70,True
DSCF0244b.jpg,manila-clam,MobileNetV3-Large,pacific-gaper,97.50,geoduck,0.62,25.77,False
DSCF0244b.jpg,manila-clam,MobileNetV3-Small,purple-scallop,50.90,spiny-scallop,46.60,15.31,False
The-Manila-clam-Venerupis-philippinarum-Photo-C-Rick-Harbo.jpg,manila-clam,MobileNetV3-Large,manila-clam,97.20,littleneck-clam,2.61,26.90,True
The-Manila-clam-Venerupis-philippinarum-Photo-C-Rick-Harbo.jpg,manila-clam,MobileNetV3-Small,manila-clam,49.44,littleneck-clam,35.43,15.40,True
Venerupis philippinarum (Medium).jpg,manila-clam,MobileNetV3-Large,manila-clam,97.81,purple-scallop,0.98,29.56,True
Venerupis philippinarum (Medium).jpg,manila-clam,MobileNetV3-Small,manila-clam,57.18,pacific-oyster,19.90,15.36,True
Venerupis_philippinarum2sDLC2007.jpg,manila-clam,MobileNetV3-Large,manila-clam,76.94,littleneck-clam,23.05,26.72,True
Venerupis_philippinarum2sDLC2007.jpg,manila-clam,MobileNetV3-Small,littleneck-clam,99.23,manila-clam,0.52,15.43,False
Venerupis_philippinarumNoPurpleDLC2007-02s.jpg,manila-clam,MobileNetV3-Large,manila-clam,99.90,littleneck-clam,0.10,27.64,True
Venerupis_philippinarumNoPurpleDLC2007-02s.jpg,manila-clam,MobileNetV3-Small,manila-clam,51.48,littleneck-clam,48.51,16.94,True
v_philippinarum_lg_a.jpg,manila-clam,MobileNetV3-Large,littleneck-clam,93.16,manila-clam,6.83,31.83,False
v_philippinarum_lg_a.jpg,manila-clam,MobileNetV3-Small,littleneck-clam,62.58,manila-clam,27.15,16.18,False
v_philippinarum_lg_b.jpg,manila-clam,MobileNetV3-Large,manila-clam,100.00,nuttalls-cockle,0.00,27.60,True
v_philippinarum_lg_b.jpg,manila-clam,MobileNetV3-Small,manila-clam,99.98,littleneck-clam,0.02,15.87,True
v_philippinarum_lg_m.jpg,manila-clam,MobileNetV3-Large,littleneck-clam,99.99,manila-clam,0.01,26.84,False
v_philippinarum_lg_m.jpg,manila-clam,MobileNetV3-Small,littleneck-clam,76.57,nuttalls-cockle,23.42,15.87,False
640x427-Pinto_Abalone_NB_W.jpg,northern-abalone,MobileNetV3-Large,northern-abalone,100.00,pink-scallop,0.00,29.94,True
640x427-Pinto_Abalone_NB_W.jpg,northern-abalone,MobileNetV3-Small,northern-abalone,100.00,spiny-scallop,0.00,16.14,True
9082a3_56dd914d7521416a9374926af46b8a7b~mv2.jpg,northern-abalone,MobileNetV3-Large,northern-abalone,100.00,spiny-scallop,0.00,31.46,True
9082a3_56dd914d7521416a9374926af46b8a7b~mv2.jpg,northern-abalone,MobileNetV3-Small,northern-abalone,100.00,olympia-oyster,0.00,16.94,True
fig2.jpg,northern-abalone,MobileNetV3-Large,northern-abalone,99.99,spiny-scallop,0.01,26.70,True
fig2.jpg,northern-abalone,MobileNetV3-Small,northern-abalone,99.93,spiny-scallop,0.03,15.15,True
Haliotis_kamtschatkana_001.jpg,northern-abalone,MobileNetV3-Large,northern-abalone,98.71,spiny-scallop,0.69,29.04,True
Haliotis_kamtschatkana_001.jpg,northern-abalone,MobileNetV3-Small,pink-scallop,87.57,northern-abalone,8.49,18.31,False
images.jpg,northern-abalone,MobileNetV3-Large,northern-abalone,100.00,littleneck-clam,0.00,30.12,True
images.jpg,northern-abalone,MobileNetV3-Small,northern-abalone,75.04,spiny-scallop,24.93,15.20,True
northernabalone.jpg,northern-abalone,MobileNetV3-Large,northern-abalone,100.00,geoduck,0.00,31.02,True
northernabalone.jpg,northern-abalone,MobileNetV3-Small,northern-abalone,100.00,pacific-gaper,0.00,15.52,True
NorthernAbalone1.jpg,northern-abalone,MobileNetV3-Large,northern-abalone,99.72,geoduck,0.25,32.05,True
NorthernAbalone1.jpg,northern-abalone,MobileNetV3-Small,northern-abalone,99.67,olympia-oyster,0.19,16.60,True
NorthernAbalone2.jpg,northern-abalone,MobileNetV3-Large,northern-abalone,100.00,pacific-gaper,0.00,29.93,True
NorthernAbalone2.jpg,northern-abalone,MobileNetV3-Small,northern-abalone,96.01,manila-clam,3.08,17.30,True
underwater-abalone-Tammy-Norgard.jpg,northern-abalone,MobileNetV3-Large,northern-abalone,100.00,geoduck,0.00,35.20,True
underwater-abalone-Tammy-Norgard.jpg,northern-abalone,MobileNetV3-Small,northern-abalone,99.92,purple-scallop,0.05,19.75,True
2020-01-26-46469.jpg,nuttalls-cockle,MobileNetV3-Large,nuttalls-cockle,100.00,butter-clam,0.00,35.38,True
2020-01-26-46469.jpg,nuttalls-cockle,MobileNetV3-Small,nuttalls-cockle,99.63,pink-scallop,0.24,17.80,True
Clinocardium_nuttalliiPattern1DLC2005.jpg,nuttalls-cockle,MobileNetV3-Large,nuttalls-cockle,99.99,pink-scallop,0.01,26.69,True
Clinocardium_nuttalliiPattern1DLC2005.jpg,nuttalls-cockle,MobileNetV3-Small,nuttalls-cockle,99.94,pink-scallop,0.06,16.06,True
Clinocardium_nuttalliiVentral2DLC2005.jpg,nuttalls-cockle,MobileNetV3-Large,nuttalls-cockle,100.00,pink-scallop,0.00,27.54,True
Clinocardium_nuttalliiVentral2DLC2005.jpg,nuttalls-cockle,MobileNetV3-Small,nuttalls-cockle,99.86,pink-scallop,0.14,15.83,True
Clinocardium_nuttallii_216838584_2.jpg,nuttalls-cockle,MobileNetV3-Large,pacific-gaper,86.53,nuttalls-cockle,8.09,26.52,False
Clinocardium_nuttallii_216838584_2.jpg,nuttalls-cockle,MobileNetV3-Small,nuttalls-cockle,50.04,littleneck-clam,49.56,16.03,True
Clinocardium_nuttallii_Hinge_DLC2020-01s.jpg,nuttalls-cockle,MobileNetV3-Large,nuttalls-cockle,100.00,littleneck-clam,0.00,27.59,True
Clinocardium_nuttallii_Hinge_DLC2020-01s.jpg,nuttalls-cockle,MobileNetV3-Small,manila-clam,81.74,littleneck-clam,12.69,15.43,False
Clinocardium_nuttalliSiphonsDLC2007-01s.jpg,nuttalls-cockle,MobileNetV3-Large,nuttalls-cockle,98.08,weathervane-scallop,1.47,26.54,True
Clinocardium_nuttalliSiphonsDLC2007-01s.jpg,nuttalls-cockle,MobileNetV3-Small,nuttalls-cockle,95.17,pink-scallop,4.38,16.77,True
cockle_16.jpg,nuttalls-cockle,MobileNetV3-Large,nuttalls-cockle,100.00,pink-scallop,0.00,26.66,True
cockle_16.jpg,nuttalls-cockle,MobileNetV3-Small,nuttalls-cockle,100.00,pink-scallop,0.00,15.49,True
images.jpg,nuttalls-cockle,MobileNetV3-Large,nuttalls-cockle,88.79,manila-clam,7.01,26.39,True
images.jpg,nuttalls-cockle,MobileNetV3-Small,nuttalls-cockle,48.51,littleneck-clam,40.91,15.09,True
images1.jpg,nuttalls-cockle,MobileNetV3-Large,nuttalls-cockle,87.97,littleneck-clam,8.19,28.20,True
images1.jpg,nuttalls-cockle,MobileNetV3-Small,nuttalls-cockle,94.97,pink-scallop,5.02,14.96,True
images2.jpg,nuttalls-cockle,MobileNetV3-Large,nuttalls-cockle,99.84,pink-scallop,0.14,26.17,True
images2.jpg,nuttalls-cockle,MobileNetV3-Small,nuttalls-cockle,99.98,pink-scallop,0.02,15.03,True
26510795893_1232c4e0bc_o.jpg,olympia-oyster,MobileNetV3-Large,pacific-oyster,99.82,geoduck,0.16,30.95,False
26510795893_1232c4e0bc_o.jpg,olympia-oyster,MobileNetV3-Small,purple-scallop,52.62,pacific-oyster,45.40,15.79,False
ata010422oyster-img01-1638215872.jpg,olympia-oyster,MobileNetV3-Large,olympia-oyster,94.20,pacific-oyster,5.76,25.71,True
ata010422oyster-img01-1638215872.jpg,olympia-oyster,MobileNetV3-Small,olympia-oyster,93.78,pacific-oyster,3.11,15.25,True
images.jpg,olympia-oyster,MobileNetV3-Large,pacific-oyster,100.00,olympia-oyster,0.00,27.04,False
images.jpg,olympia-oyster,MobileNetV3-Small,pacific-oyster,99.82,olympia-oyster,0.17,14.62,False
JKT-olympia-oyster-disco-bay-April-2024IMG_9870-e1720813328103.jpg,olympia-oyster,MobileNetV3-Large,olympia-oyster,66.43,pacific-oyster,28.90,30.33,True
JKT-olympia-oyster-disco-bay-April-2024IMG_9870-e1720813328103.jpg,olympia-oyster,MobileNetV3-Small,olympia-oyster,63.72,pacific-oyster,36.21,18.37,True
Olympa_Group2_website_2048x2048.jpg,olympia-oyster,MobileNetV3-Large,manila-clam,97.27,pacific-oyster,2.28,25.95,False
Olympa_Group2_website_2048x2048.jpg,olympia-oyster,MobileNetV3-Small,olympia-oyster,66.45,pacific-oyster,32.55,16.44,True
Olympia-oysters-Closeup-British-Columbia.jpg,olympia-oyster,MobileNetV3-Large,pacific-oyster,84.75,olympia-oyster,14.07,30.63,False
Olympia-oysters-Closeup-British-Columbia.jpg,olympia-oyster,MobileNetV3-Small,pacific-oyster,91.80,olympia-oyster,7.63,22.55,False
Olympia_Oyster.jpg,olympia-oyster,MobileNetV3-Large,pacific-oyster,66.16,olympia-oyster,16.38,31.52,False
Olympia_Oyster.jpg,olympia-oyster,MobileNetV3-Small,varnish-clam,98.97,nuttalls-cockle,0.41,15.84,False
olympia_oyster_cropped.jpg,olympia-oyster,MobileNetV3-Large,olympia-oyster,58.43,northern-abalone,30.91,28.56,True
olympia_oyster_cropped.jpg,olympia-oyster,MobileNetV3-Small,olympia-oyster,90.70,geoduck,4.33,15.88,True
Ostrea_Lurida.jpg,olympia-oyster,MobileNetV3-Large,northern-abalone,81.35,olympia-oyster,15.85,38.41,False
Ostrea_Lurida.jpg,olympia-oyster,MobileNetV3-Small,olympia-oyster,81.21,pacific-oyster,13.98,23.45,True
Ostrea_lurida_DLC2016-13s.jpg,olympia-oyster,MobileNetV3-Large,olympia-oyster,62.60,northern-abalone,36.60,31.52,True
Ostrea_lurida_DLC2016-13s.jpg,olympia-oyster,MobileNetV3-Small,olympia-oyster,99.78,pacific-oyster,0.22,16.58,True
78621_65034ae5a4824.jpg,pacific-gaper,MobileNetV3-Large,olympia-oyster,84.80,geoduck,14.96,32.22,False
78621_65034ae5a4824.jpg,pacific-gaper,MobileNetV3-Small,varnish-clam,99.14,geoduck,0.52,18.46,False
horse_clam_4.jpg,pacific-gaper,MobileNetV3-Large,pacific-gaper,97.79,softshell-clam,1.94,30.03,True
horse_clam_4.jpg,pacific-gaper,MobileNetV3-Small,pacific-gaper,85.33,varnish-clam,7.56,15.37,True
original.jpg,pacific-gaper,MobileNetV3-Large,softshell-clam,60.21,pacific-gaper,22.14,31.25,False
original.jpg,pacific-gaper,MobileNetV3-Small,manila-clam,63.91,varnish-clam,18.09,16.29,False
tresus-capax-a06fedfc-c4f9-4d55-9426-66c03abc0b0-resize-750.jpeg,pacific-gaper,MobileNetV3-Large,pacific-gaper,99.50,razor-clam,0.26,25.42,True
tresus-capax-a06fedfc-c4f9-4d55-9426-66c03abc0b0-resize-750.jpeg,pacific-gaper,MobileNetV3-Small,varnish-clam,91.96,razor-clam,4.34,16.23,False
tresus-capax-a4821bef-d4dc-444e-a6e4-e8591e9a158-resize-750.jpg,pacific-gaper,MobileNetV3-Large,pacific-gaper,99.95,butter-clam,0.04,26.95,True
tresus-capax-a4821bef-d4dc-444e-a6e4-e8591e9a158-resize-750.jpg,pacific-gaper,MobileNetV3-Small,pacific-gaper,95.08,varnish-clam,3.79,15.59,True
tresus_capax.jpg,pacific-gaper,MobileNetV3-Large,pacific-gaper,99.99,razor-clam,0.01,26.27,True
tresus_capax.jpg,pacific-gaper,MobileNetV3-Small,pacific-gaper,99.89,butter-clam,0.08,15.69,True
Tresus_capax1sDLC2005.jpg,pacific-gaper,MobileNetV3-Large,pacific-gaper,100.00,softshell-clam,0.00,31.68,True
Tresus_capax1sDLC2005.jpg,pacific-gaper,MobileNetV3-Small,pacific-gaper,91.32,softshell-clam,8.59,16.51,True
Tresus_capaxDLC2007-01s.jpg,pacific-gaper,MobileNetV3-Large,pacific-gaper,99.95,geoduck,0.03,30.13,True
Tresus_capaxDLC2007-01s.jpg,pacific-gaper,MobileNetV3-Small,varnish-clam,69.59,pacific-gaper,26.53,16.78,False
Tresus_capaxOpen1sDLC2005.jpg,pacific-gaper,MobileNetV3-Large,pacific-gaper,99.95,softshell-clam,0.05,29.71,True
Tresus_capaxOpen1sDLC2005.jpg,pacific-gaper,MobileNetV3-Small,softshell-clam,96.94,manila-clam,1.92,16.23,False
Tresus_capaxUmbo1sDLC2005.jpg,pacific-gaper,MobileNetV3-Large,pacific-gaper,100.00,butter-clam,0.00,33.60,True
Tresus_capaxUmbo1sDLC2005.jpg,pacific-gaper,MobileNetV3-Small,pacific-gaper,88.94,butter-clam,8.91,16.99,True
139577_crassostrea-gigas.jpg,pacific-oyster,MobileNetV3-Large,pacific-oyster,100.00,olympia-oyster,0.00,29.36,True
139577_crassostrea-gigas.jpg,pacific-oyster,MobileNetV3-Small,pacific-oyster,60.87,olympia-oyster,39.09,17.32,True
32462.jpg,pacific-oyster,MobileNetV3-Large,pacific-oyster,100.00,geoduck,0.00,28.51,True
32462.jpg,pacific-oyster,MobileNetV3-Small,pacific-oyster,98.27,olympia-oyster,1.70,16.14,True
Crassostrea gigas (Medium).JPG,pacific-oyster,MobileNetV3-Large,pacific-oyster,100.00,olympia-oyster,0.00,27.58,True
Crassostrea gigas (Medium).JPG,pacific-oyster,MobileNetV3-Small,pacific-oyster,99.32,olympia-oyster,0.60,15.23,True
crassostrea_gigas3.jpg,pacific-oyster,MobileNetV3-Large,pacific-gaper,98.90,manila-clam,0.30,27.08,False
crassostrea_gigas3.jpg,pacific-oyster,MobileNetV3-Small,pacific-gaper,88.21,pacific-oyster,11.23,15.42,False
images.jpg,pacific-oyster,MobileNetV3-Large,pacific-oyster,99.97,geoduck,0.03,28.68,True
images.jpg,pacific-oyster,MobileNetV3-Small,pacific-oyster,86.49,olympia-oyster,13.50,14.98,True
large.jpg,pacific-oyster,MobileNetV3-Large,pacific-oyster,100.00,northern-abalone,0.00,28.60,True
large.jpg,pacific-oyster,MobileNetV3-Small,pacific-oyster,63.10,olympia-oyster,30.39,15.65,True
"Naturalis_Biodiversity_Center_-_RMNH.MOL.320398_-_Crassostrea_gigas_(Thunberg,_1793)_-_Ostreidae_-_Mollusc_shell.jpeg",pacific-oyster,MobileNetV3-Large,pacific-gaper,56.51,olympia-oyster,36.37,30.61,False
"Naturalis_Biodiversity_Center_-_RMNH.MOL.320398_-_Crassostrea_gigas_(Thunberg,_1793)_-_Ostreidae_-_Mollusc_shell.jpeg",pacific-oyster,MobileNetV3-Small,olympia-oyster,96.51,blue-mussel,1.32,19.66,False
Pacificoyster_science.jpg,pacific-oyster,MobileNetV3-Large,pacific-oyster,98.24,northern-abalone,0.98,27.59,True
Pacificoyster_science.jpg,pacific-oyster,MobileNetV3-Small,pacific-oyster,53.28,olympia-oyster,30.42,16.14,True
The-Pacific-oyster-Crassostrea-gigas-Photo-C-Rick-Harbo.jpg,pacific-oyster,MobileNetV3-Large,pacific-oyster,99.98,butter-clam,0.02,32.66,True
The-Pacific-oyster-Crassostrea-gigas-Photo-C-Rick-Harbo.jpg,pacific-oyster,MobileNetV3-Small,pacific-oyster,84.48,butter-clam,14.22,16.11,True
WILLER-oyster1_1500.jpg,pacific-oyster,MobileNetV3-Large,pacific-oyster,99.91,olympia-oyster,0.08,28.65,True
WILLER-oyster1_1500.jpg,pacific-oyster,MobileNetV3-Small,purple-scallop,41.99,olympia-oyster,36.19,19.79,False
2018-08-10c-a13188.jpg,pink-scallop,MobileNetV3-Large,spiny-scallop,46.48,purple-scallop,34.91,30.64,False
2018-08-10c-a13188.jpg,pink-scallop,MobileNetV3-Small,spiny-scallop,80.12,northern-abalone,14.94,15.61,False
chlamys-rubida-4.jpg,pink-scallop,MobileNetV3-Large,spiny-scallop,99.57,purple-scallop,0.20,25.53,False
chlamys-rubida-4.jpg,pink-scallop,MobileNetV3-Small,spiny-scallop,99.94,purple-scallop,0.03,15.53,False
Chlamys_rubida1sDLC2005.jpg,pink-scallop,MobileNetV3-Large,spiny-scallop,99.26,pink-scallop,0.69,28.38,False
Chlamys_rubida1sDLC2005.jpg,pink-scallop,MobileNetV3-Small,spiny-scallop,76.91,pink-scallop,23.08,15.52,False
Chlamys_rubidaEyesDLC2007-01s.jpg,pink-scallop,MobileNetV3-Large,pink-scallop,92.60,nuttalls-cockle,3.36,30.41,True
Chlamys_rubidaEyesDLC2007-01s.jpg,pink-scallop,MobileNetV3-Small,spiny-scallop,96.68,littleneck-clam,2.03,17.42,False
Chlamys_rubidaLValveDLC2007-03s.jpg,pink-scallop,MobileNetV3-Large,spiny-scallop,95.89,pink-scallop,3.31,30.04,False
Chlamys_rubidaLValveDLC2007-03s.jpg,pink-scallop,MobileNetV3-Small,pink-scallop,98.50,spiny-scallop,1.49,17.72,True
Chlamys_rubidaRValveDLC2007-02s.jpg,pink-scallop,MobileNetV3-Large,pink-scallop,84.13,spiny-scallop,15.42,30.09,True
Chlamys_rubidaRValveDLC2007-02s.jpg,pink-scallop,MobileNetV3-Small,spiny-scallop,63.42,pink-scallop,35.92,18.03,False
images.jpg,pink-scallop,MobileNetV3-Large,pink-scallop,74.68,spiny-scallop,24.86,29.20,True
images.jpg,pink-scallop,MobileNetV3-Small,pink-scallop,99.96,spiny-scallop,0.04,19.24,True
img_9022.jpg,pink-scallop,MobileNetV3-Large,pink-scallop,94.05,spiny-scallop,5.86,30.02,True
img_9022.jpg,pink-scallop,MobileNetV3-Small,pink-scallop,99.53,spiny-scallop,0.44,15.19,True
rubida2groot.JPG,pink-scallop,MobileNetV3-Large,spiny-scallop,83.51,pink-scallop,16.44,26.82,False
rubida2groot.JPG,pink-scallop,MobileNetV3-Small,pink-scallop,99.95,spiny-scallop,0.05,15.07,True
Scallop2.jpg,pink-scallop,MobileNetV3-Large,spiny-scallop,96.75,weathervane-scallop,3.06,26.91,False
Scallop2.jpg,pink-scallop,MobileNetV3-Small,spiny-scallop,95.12,pink-scallop,3.66,15.71,False
139576_crassadoma-gigantea.jpg,purple-scallop,MobileNetV3-Large,purple-scallop,56.35,northern-abalone,42.77,33.63,True
139576_crassadoma-gigantea.jpg,purple-scallop,MobileNetV3-Small,spiny-scallop,64.82,purple-scallop,31.49,17.81,False
2023-11-29b-b10807.jpg,purple-scallop,MobileNetV3-Large,purple-scallop,99.90,spiny-scallop,0.05,26.01,True
2023-11-29b-b10807.jpg,purple-scallop,MobileNetV3-Small,purple-scallop,100.00,spiny-scallop,0.00,15.29,True
250px-Crassedoma_giganteum.jpg,purple-scallop,MobileNetV3-Large,butter-clam,67.42,nuttalls-cockle,28.69,27.56,False
250px-Crassedoma_giganteum.jpg,purple-scallop,MobileNetV3-Small,nuttalls-cockle,51.32,pink-scallop,46.82,14.91,False
9473360_orig.jpg,purple-scallop,MobileNetV3-Large,spiny-scallop,57.82,pink-scallop,36.13,26.20,False
9473360_orig.jpg,purple-scallop,MobileNetV3-Small,pink-scallop,71.68,spiny-scallop,28.29,15.11,False
Crassodoma_gigantea_DLC2017-13s.jpg,purple-scallop,MobileNetV3-Large,manila-clam,86.10,littleneck-clam,12.69,32.00,False
Crassodoma_gigantea_DLC2017-13s.jpg,purple-scallop,MobileNetV3-Small,pacific-gaper,76.49,butter-clam,14.36,16.77,False
inat_253127275-63cdbc1f0a2f73.10306964.jpeg,purple-scallop,MobileNetV3-Large,purple-scallop,98.48,geoduck,0.42,31.32,True
inat_253127275-63cdbc1f0a2f73.10306964.jpeg,purple-scallop,MobileNetV3-Small,purple-scallop,98.43,littleneck-clam,1.38,19.16,True
Pecten10.jpg,purple-scallop,MobileNetV3-Large,northern-abalone,93.29,blue-mussel,6.09,32.09,False
Pecten10.jpg,purple-scallop,MobileNetV3-Small,purple-scallop,45.31,blue-mussel,24.50,15.60,True
RockScallop.jpg,purple-scallop,MobileNetV3-Large,littleneck-clam,70.46,purple-scallop,28.85,28.76,False
RockScallop.jpg,purple-scallop,MobileNetV3-Small,nuttalls-cockle,74.98,purple-scallop,11.62,15.59,False
species_e8_64f686296ae79.w1000.h666.jpg,purple-scallop,MobileNetV3-Large,purple-scallop,99.99,geoduck,0.01,27.81,True
species_e8_64f686296ae79.w1000.h666.jpg,purple-scallop,MobileNetV3-Small,purple-scallop,98.64,spiny-scallop,1.35,16.14,True
24301073383_3640703cff_h.jpg,razor-clam,MobileNetV3-Large,softshell-clam,46.77,littleneck-clam,21.32,31.32,False
24301073383_3640703cff_h.jpg,razor-clam,MobileNetV3-Small,varnish-clam,72.69,razor-clam,23.42,15.93,False
360_F_201947288_xZtRB85OAOWIRVrqAnfgBMqtlqAXJM27.jpg,razor-clam,MobileNetV3-Large,razor-clam,58.52,butter-clam,22.21,28.10,True
360_F_201947288_xZtRB85OAOWIRVrqAnfgBMqtlqAXJM27.jpg,razor-clam,MobileNetV3-Small,razor-clam,99.99,varnish-clam,0.00,15.36,True
images.jpg,razor-clam,MobileNetV3-Large,razor-clam,100.00,varnish-clam,0.00,26.14,True
images.jpg,razor-clam,MobileNetV3-Small,razor-clam,100.00,varnish-clam,0.00,14.75,True
mck82beg9l131.jpg,razor-clam,MobileNetV3-Large,razor-clam,99.96,pacific-gaper,0.02,36.46,True
mck82beg9l131.jpg,razor-clam,MobileNetV3-Small,razor-clam,84.23,softshell-clam,8.42,18.25,True
Razorclm.jpg,razor-clam,MobileNetV3-Large,razor-clam,97.47,geoduck,1.47,29.57,True
Razorclm.jpg,razor-clam,MobileNetV3-Small,razor-clam,96.35,pacific-gaper,3.25,14.97,True
Siliqua patula.jpg,razor-clam,MobileNetV3-Large,razor-clam,73.59,pacific-gaper,19.69,26.32,True
Siliqua patula.jpg,razor-clam,MobileNetV3-Small,razor-clam,99.90,geoduck,0.06,14.75,True
Siliqua_patula3sDLC2005.jpg,razor-clam,MobileNetV3-Large,razor-clam,99.96,geoduck,0.03,27.40,True
Siliqua_patula3sDLC2005.jpg,razor-clam,MobileNetV3-Small,northern-abalone,38.63,razor-clam,37.29,16.54,False
Siliqua_patulaDigDLC2005.jpg,razor-clam,MobileNetV3-Large,geoduck,71.06,pacific-oyster,28.68,29.31,False
Siliqua_patulaDigDLC2005.jpg,razor-clam,MobileNetV3-Small,pacific-oyster,61.68,olympia-oyster,15.26,16.36,False
Siliqua_patula_DLC2010-02s.jpg,razor-clam,MobileNetV3-Large,geoduck,41.49,pacific-gaper,29.31,27.64,False
Siliqua_patula_DLC2010-02s.jpg,razor-clam,MobileNetV3-Small,geoduck,76.95,varnish-clam,13.84,15.86,False
Siliqua_patula_DLC2010-09s.jpg,razor-clam,MobileNetV3-Large,pacific-gaper,99.59,softshell-clam,0.33,30.38,False
Siliqua_patula_DLC2010-09s.jpg,razor-clam,MobileNetV3-Small,pacific-gaper,54.43,razor-clam,29.09,16.63,False
52049_58ddf591ae3e0.jpg,softshell-clam,MobileNetV3-Large,softshell-clam,98.51,pacific-gaper,1.17,28.01,True
52049_58ddf591ae3e0.jpg,softshell-clam,MobileNetV3-Small,pacific-gaper,64.97,manila-clam,18.59,18.87,False
Adult-Mya-arenaria.jpg,softshell-clam,MobileNetV3-Large,pacific-gaper,49.23,softshell-clam,44.73,32.63,False
Adult-Mya-arenaria.jpg,softshell-clam,MobileNetV3-Small,butter-clam,74.91,softshell-clam,18.19,18.85,False
Ecomare_-_strandgaper_(4792-mya-strandgaper-mok-ogb).jpg,softshell-clam,MobileNetV3-Large,geoduck,54.05,pacific-gaper,44.36,27.11,False
Ecomare_-_strandgaper_(4792-mya-strandgaper-mok-ogb).jpg,softshell-clam,MobileNetV3-Small,california-mussel,63.80,razor-clam,15.40,14.62,False
M010652.jpg,softshell-clam,MobileNetV3-Large,softshell-clam,95.35,pacific-gaper,4.60,30.55,True
M010652.jpg,softshell-clam,MobileNetV3-Small,softshell-clam,99.89,pacific-gaper,0.10,14.74,True
Mya arenaria (Medium).jpg,softshell-clam,MobileNetV3-Large,pacific-gaper,97.25,butter-clam,2.63,26.38,False
Mya arenaria (Medium).jpg,softshell-clam,MobileNetV3-Small,butter-clam,34.41,softshell-clam,24.05,15.19,False
Mya_arenaria.jpg,softshell-clam,MobileNetV3-Large,northern-abalone,93.02,pacific-gaper,6.37,28.64,False
Mya_arenaria.jpg,softshell-clam,MobileNetV3-Small,northern-abalone,67.78,pacific-gaper,23.81,14.65,False
mya_arenaria8_imulero.jpg,softshell-clam,MobileNetV3-Large,pacific-gaper,78.81,softshell-clam,21.18,28.55,False
mya_arenaria8_imulero.jpg,softshell-clam,MobileNetV3-Small,softshell-clam,98.85,geoduck,0.85,15.96,True
Mya_arenariaDLC2007-02s.jpg,softshell-clam,MobileNetV3-Large,butter-clam,62.73,softshell-clam,36.84,29.88,False
Mya_arenariaDLC2007-02s.jpg,softshell-clam,MobileNetV3-Small,butter-clam,99.73,manila-clam,0.16,19.39,False
Mya_arenariaSiphonsDLC2007-06s.jpg,softshell-clam,MobileNetV3-Large,softshell-clam,95.69,geoduck,3.77,31.16,True
Mya_arenariaSiphonsDLC2007-06s.jpg,softshell-clam,MobileNetV3-Small,softshell-clam,98.75,pacific-gaper,0.63,16.54,True
m_arenaria_lg_a.jpg,softshell-clam,MobileNetV3-Large,softshell-clam,88.09,pacific-gaper,10.68,27.11,True
m_arenaria_lg_a.jpg,softshell-clam,MobileNetV3-Small,softshell-clam,63.34,pacific-gaper,36.50,17.18,True
718as.jpg,spiny-scallop,MobileNetV3-Large,pink-scallop,83.35,spiny-scallop,15.63,30.55,False
718as.jpg,spiny-scallop,MobileNetV3-Small,pink-scallop,65.86,spiny-scallop,34.13,16.71,False
ah052010scallop.jpg,spiny-scallop,MobileNetV3-Large,purple-scallop,81.34,spiny-scallop,9.68,29.59,False
ah052010scallop.jpg,spiny-scallop,MobileNetV3-Small,spiny-scallop,99.78,purple-scallop,0.20,15.53,True
Chlamys_hastata.jpg,spiny-scallop,MobileNetV3-Large,spiny-scallop,99.93,purple-scallop,0.03,28.67,True
Chlamys_hastata.jpg,spiny-scallop,MobileNetV3-Small,spiny-scallop,100.00,purple-scallop,0.00,15.66,True
Chlamys_hastata2DLC2005.jpg,spiny-scallop,MobileNetV3-Large,spiny-scallop,100.00,pacific-gaper,0.00,28.74,True
Chlamys_hastata2DLC2005.jpg,spiny-scallop,MobileNetV3-Small,spiny-scallop,53.63,pink-scallop,40.30,18.39,True
Chlamys_hastataSponge1DLC2005.jpg,spiny-scallop,MobileNetV3-Large,spiny-scallop,99.63,nuttalls-cockle,0.32,34.63,True
Chlamys_hastataSponge1DLC2005.jpg,spiny-scallop,MobileNetV3-Small,spiny-scallop,93.85,northern-abalone,4.92,18.19,True
Chlamys_hastataTentacles1DLC2005.jpg,spiny-scallop,MobileNetV3-Large,spiny-scallop,99.88,pink-scallop,0.10,32.87,True
Chlamys_hastataTentacles1DLC2005.jpg,spiny-scallop,MobileNetV3-Small,spiny-scallop,99.51,northern-abalone,0.27,15.62,True
images.jpg,spiny-scallop,MobileNetV3-Large,spiny-scallop,99.62,northern-abalone,0.21,27.75,True
images.jpg,spiny-scallop,MobileNetV3-Small,spiny-scallop,99.93,pink-scallop,0.05,15.21,True
scallopmouth.jpg,spiny-scallop,MobileNetV3-Large,spiny-scallop,73.97,purple-scallop,25.64,28.70,True
scallopmouth.jpg,spiny-scallop,MobileNetV3-Small,spiny-scallop,99.96,northern-abalone,0.04,15.26,True
species_d2_59db351a16f61.w1000.h666.jpg,spiny-scallop,MobileNetV3-Large,spiny-scallop,95.52,northern-abalone,4.39,27.24,True
species_d2_59db351a16f61.w1000.h666.jpg,spiny-scallop,MobileNetV3-Small,northern-abalone,93.81,spiny-scallop,6.19,17.26,False
swim-1.jpg,spiny-scallop,MobileNetV3-Large,spiny-scallop,87.47,northern-abalone,12.44,34.57,True
swim-1.jpg,spiny-scallop,MobileNetV3-Small,spiny-scallop,59.85,northern-abalone,40.09,17.23,True
dscf6860.jpg,varnish-clam,MobileNetV3-Large,varnish-clam,99.86,razor-clam,0.14,33.81,True
dscf6860.jpg,varnish-clam,MobileNetV3-Small,varnish-clam,100.00,butter-clam,0.00,16.80,True
Nuttalia_obscurata_DLC2020-03s.jpg,varnish-clam,MobileNetV3-Large,varnish-clam,99.88,razor-clam,0.12,28.93,True
Nuttalia_obscurata_DLC2020-03s.jpg,varnish-clam,MobileNetV3-Small,varnish-clam,97.67,razor-clam,2.31,17.28,True
Nuttallia_obscurata_(exterior).jpg,varnish-clam,MobileNetV3-Large,varnish-clam,100.00,razor-clam,0.00,31.99,True
Nuttallia_obscurata_(exterior).jpg,varnish-clam,MobileNetV3-Small,varnish-clam,100.00,pacific-gaper,0.00,17.09,True
Nuttallia_obscurata_(interior).jpg,varnish-clam,MobileNetV3-Large,varnish-clam,100.00,manila-clam,0.00,26.82,True
Nuttallia_obscurata_(interior).jpg,varnish-clam,MobileNetV3-Small,varnish-clam,100.00,manila-clam,0.00,14.86,True
PurpleVarnishClams3_iamaportlander.jpg,varnish-clam,MobileNetV3-Large,varnish-clam,99.99,razor-clam,0.01,27.18,True
PurpleVarnishClams3_iamaportlander.jpg,varnish-clam,MobileNetV3-Small,varnish-clam,99.94,razor-clam,0.06,16.41,True
sf_bvpvarn03g.jpg,varnish-clam,MobileNetV3-Large,varnish-clam,99.92,blue-mussel,0.06,29.44,True
sf_bvpvarn03g.jpg,varnish-clam,MobileNetV3-Small,varnish-clam,100.00,manila-clam,0.00,15.53,True
varnish-shell-exterior.jpg,varnish-clam,MobileNetV3-Large,varnish-clam,100.00,geoduck,0.00,28.13,True
varnish-shell-exterior.jpg,varnish-clam,MobileNetV3-Small,varnish-clam,100.00,razor-clam,0.00,16.20,True
Varnish1.jpg,varnish-clam,MobileNetV3-Large,varnish-clam,99.99,butter-clam,0.01,27.61,True
Varnish1.jpg,varnish-clam,MobileNetV3-Small,varnish-clam,100.00,manila-clam,0.00,16.27,True
varnish1_small.jpg,varnish-clam,MobileNetV3-Large,varnish-clam,81.24,manila-clam,14.38,27.73,True
varnish1_small.jpg,varnish-clam,MobileNetV3-Small,varnish-clam,100.00,littleneck-clam,0.00,16.28,True
varnish_clam2.jpg,varnish-clam,MobileNetV3-Large,varnish-clam,80.22,manila-clam,12.90,27.96,True
varnish_clam2.jpg,varnish-clam,MobileNetV3-Small,varnish-clam,100.00,manila-clam,0.00,16.22,True
2019-08-18b-a25435.jpg,weathervane-scallop,MobileNetV3-Large,nuttalls-cockle,87.26,spiny-scallop,5.28,31.28,False
2019-08-18b-a25435.jpg,weathervane-scallop,MobileNetV3-Small,spiny-scallop,64.97,nuttalls-cockle,35.00,16.29,False
2019-08-18b-a25437.jpg,weathervane-scallop,MobileNetV3-Large,spiny-scallop,43.09,northern-abalone,36.39,29.92,False
2019-08-18b-a25437.jpg,weathervane-scallop,MobileNetV3-Small,spiny-scallop,66.05,pink-scallop,33.04,20.05,False
2021-02-05a-a43113.jpg,weathervane-scallop,MobileNetV3-Large,nuttalls-cockle,97.44,pink-scallop,1.87,28.61,False
2021-02-05a-a43113.jpg,weathervane-scallop,MobileNetV3-Small,nuttalls-cockle,74.75,pink-scallop,25.16,14.84,False
2022-07-23-a57781.jpg,weathervane-scallop,MobileNetV3-Large,weathervane-scallop,63.47,nuttalls-cockle,25.10,27.07,True
2022-07-23-a57781.jpg,weathervane-scallop,MobileNetV3-Small,pink-scallop,96.12,nuttalls-cockle,3.58,15.53,False
2024-02-22b-b11716.jpg,weathervane-scallop,MobileNetV3-Large,nuttalls-cockle,73.24,northern-abalone,8.09,25.93,False
2024-02-22b-b11716.jpg,weathervane-scallop,MobileNetV3-Small,nuttalls-cockle,97.96,pink-scallop,2.03,15.54,False
24927691075_1f267e525f_b.jpg,weathervane-scallop,MobileNetV3-Large,northern-abalone,94.24,weathervane-scallop,2.79,28.38,False
24927691075_1f267e525f_b.jpg,weathervane-scallop,MobileNetV3-Small,pink-scallop,51.36,spiny-scallop,30.35,15.78,False
"Naturalis_Biodiversity_Center_-_ZMA.MOLL.416749_-_Patinopecten_caurinus_(Gould,_1850)_-_Pectinidae_-_Mollusc_shell.jpeg",weathervane-scallop,MobileNetV3-Large,weathervane-scallop,99.64,spiny-scallop,0.19,30.06,True
"Naturalis_Biodiversity_Center_-_ZMA.MOLL.416749_-_Patinopecten_caurinus_(Gould,_1850)_-_Pectinidae_-_Mollusc_shell.jpeg",weathervane-scallop,MobileNetV3-Small,pink-scallop,99.01,spiny-scallop,0.66,18.21,False
"Naturalis_Biodiversity_Center_-_ZMA.MOLL.416750_-_Patinopecten_caurinus_(Gould,_1850)_-_Pectinidae_-_Mollusc_shell.jpeg",weathervane-scallop,MobileNetV3-Large,weathervane-scallop,78.21,nuttalls-cockle,20.85,29.75,True
"Naturalis_Biodiversity_Center_-_ZMA.MOLL.416750_-_Patinopecten_caurinus_(Gould,_1850)_-_Pectinidae_-_Mollusc_shell.jpeg",weathervane-scallop,MobileNetV3-Small,pink-scallop,61.30,nuttalls-cockle,37.35,20.60,False
Patinopecten caurinus.jpg,weathervane-scallop,MobileNetV3-Large,spiny-scallop,56.85,northern-abalone,37.31,36.16,False
Patinopecten caurinus.jpg,weathervane-scallop,MobileNetV3-Small,pink-scallop,65.69,spiny-scallop,34.12,21.56,False
Scallop_weathervane.jpg,weathervane-scallop,MobileNetV3-Large,weathervane-scallop,99.96,northern-abalone,0.02,28.83,True
Scallop_weathervane.jpg,weathervane-scallop,MobileNetV3-Small,pink-scallop,86.90,weathervane-scallop,9.04,17.56,False
